<?xml version="1.0" standalone="no" ?>
<manifest identifier="CWV_W2RDd_jpsBPbe2gLffU8G5Muw3cXJe_yz4yX" version="1.3"
  xmlns="http://www.imsglobal.org/xsd/imscp_v1p1"
  xmlns:xsi="http://www.w3.org/2001/XMLSchema-instance"
  xmlns:adlcp="http://www.adlnet.org/xsd/adlcp_v1p3"
  xmlns:adlseq="http://www.adlnet.org/xsd/adlseq_v1p3"
  xmlns:imsss="http://www.imsglobal.org/xsd/imsss"
  xsi:schemaLocation="http://www.imsglobal.org/xsd/imscp_v1p1 imscp_v1p1.xsd
                      http://www.adlnet.org/xsd/adlcp_v1p3 adlcp_v1p3.xsd
                      http://www.adlnet.org/xsd/adlseq_v1p3 adlseq_v1p3.xsd
                      http://www.imsglobal.org/xsd/imsss imsss_v1p0.xsd">
  <metadata>
    <schema>ADL SCORM</schema>
    <schemaversion>2004 4th Edition</schemaversion>
    <adlcp:location>metadata.xml</adlcp:location>
  </metadata>
  <organizations default="B0">
    <organization identifier="B0" adlseq:objectivesGlobalToSystem="false">
      <title>Mental Health Awareness 1: Understanding the Signs &amp; Symptoms of Mental Health Issues</title>
      <item identifier="i1" identifierref="r1" isvisible="true">
        <title>Mental Health Awareness 1: Understanding the Signs &amp; Symptoms of Mental Health Issues</title>
        <adlcp:dataFromLMS>eyJjcHYiOiJKZV95ejR5WCIsInJsZCI6ZmFsc2V9</adlcp:dataFromLMS>
        <imsss:sequencing>
          <imsss:deliveryControls tracked="true" completionSetByContent="true" objectiveSetByContent="true"/>
        </imsss:sequencing>
      </item>
      <metadata>
        <adlcp:location>metadata.xml</adlcp:location>
      </metadata>
      <imsss:sequencing>
        <imsss:controlMode choice="true" flow="true"/>
      </imsss:sequencing>
    </organization>
  </organizations>
  <resources>
    <resource identifier="r1" type="webcontent" adlcp:scormType="sco" href="scormdriver/indexAPI.html">
      <!-- SCORMDRIVER STUFF -->
      <file href="scormdriver/indexAPI.html" />
      <file href="scormdriver/preloadIntegrity.js" />
      <file href="scormdriver/driverOptions.js" />
      <file href="scormdriver/AICCComm.html" />
      <file href="scormdriver/auto-scripts/AutoBookmark.js" />
      <file href="scormdriver/auto-scripts/AutoCompleteSCO.js" />
      <file href="scormdriver/auto-scripts/CourseExit.js" />
      <file href="scormdriver/blank.html" />
      <file href="scormdriver/goodbye.html" />
      <file href="scormdriver/scormdriver.js" />
      <file href="scormdriver/browsersniff.js" />
      <file href="scormcontent/lib/main.bundle.js"/>

      <!-- RUNTIME COMMON STUFF -->
      <file href="scormcontent/index.html" />

      
        <file href="scormcontent/lib/fonts/icomoon.ttf"/>
        <file href="scormcontent/lib/fonts/icomoon.woff"/>

        <file href="scormcontent/lib/icomoon.css"/>
        <file href="scormcontent/lib/main.bundle.css"/>
        <file href="scormcontent/lib/player-0.0.11.min.js"/>
        <file href="scormcontent/lib/lzwcompress.js"/>
      

      <!-- RUNTIME CONTENT STUFF -->
      <file href="scormcontent/lib/fonts/tzew0RbWMLBOrj4w-CenturyGothic-Italic.woff" />
<file href="scormcontent/lib/fonts/LdbreqkrvaDWExnK-CenturyGothic-Bold.woff" />
<file href="scormcontent/lib/fonts/8t3YyGrBSWO7pgJW-CenturyGothic.woff" />
<file href="scormcontent/lib/fonts/Lato-Black.woff" />
<file href="scormcontent/lib/fonts/Lato-Italic.woff" />
<file href="scormcontent/lib/fonts/Lato-Bold.woff" />
<file href="scormcontent/lib/fonts/Lato-Regular.woff" />
<file href="scormcontent/lib/fonts/Lato-Light.woff" />
<file href="scormcontent/assets/ODIcSpRBYvDDXPn8_small.png" />
<file href="scormcontent/assets/Fx44N0xZxoiaiR-L_Yey_Myy_EfXK_Uxh.png" />
<file href="scormcontent/assets/NaWAlR9fCDk92hJX_transcoded-278Lww7b9fJe_i82-AIC_MHA_Animation%201_03032023_Kat%2C%20Jimmy-00001.png" />
<file href="scormcontent/assets/z_cNsWx9DDHYKmbR_transcoded-278Lww7b9fJe_i82-AIC_MHA_Animation%201_03032023_Kat%2C%20Jimmy.mp4" />
<file href="scormcontent/assets/eHjejqQEP9OTKXKp_transcoded-eDVUicW_2GbYPn4u-AIC_MHA_Animation%202_03032023_Kat%2C%20Jimmy-00001.png" />
<file href="scormcontent/assets/dQ6ugJ4EJPSmV5aL_transcoded-eDVUicW_2GbYPn4u-AIC_MHA_Animation%202_03032023_Kat%2C%20Jimmy.mp4" />
<file href="scormcontent/assets/zF7zPiB9JZxBfM_z_Xf-7xK7MFt8aBSpi.png" />
<file href="scormcontent/assets/dP3YFA3cGBcn51o5_R_VrxnfKdxyGi2uP.png" />
<file href="scormcontent/assets/GXuh5_JZoKmnn-6C_fIi7_QW_Ifnwxl3e.png" />
<file href="scormcontent/assets/eMsfNl_GtjTsc2ZZ_WhJJenWnSnHr6PSp.jpg" />
<file href="scormcontent/assets/xuoxclxrTFffuH1-_501tg0Rvb_L2k7Ng.png" />
<file href="scormcontent/assets/X2WsMO-SHbwQcCyr_Rll8BbFPphYzWdsj.png" />
<file href="scormcontent/assets/vl5pLCfpsUiSZVr2_mountains.jpg" />
<file href="scormcontent/assets/CD8vUjztQW933MRN_7SdWeI2VBFN6WzOz.png" />
<file href="scormcontent/assets/HzdPSjMj2VKSQlQ0_QHZhk3JZQbsTtup6.png" />
<file href="scormcontent/assets/Diw0j5YKpdfjwai2_BT1k5E5rZCf47fqi.png" />
<file href="scormcontent/assets/owU7WCTEjz7d0al4__a6lszEBRed_DIXL.png" />
<file href="scormcontent/assets/ceE8IIbfuNETjnhU_lT1V3l-2f9ncY1vR.png" />
<file href="scormcontent/assets/k1ygLJrM4OhWLhe8_aIlbRffoBzPmI9fX.png" />
<file href="scormcontent/assets/33cLrzeUMUvTA0_Y_10Zxq93HHrTAJR3y.png" />
<file href="scormcontent/assets/ltnW6utSEPEPa6y8_bm9SOwTC55lz-Tlp.jpg" />
<file href="scormcontent/assets/zqqLVcEoM1ezc9vw_QEhCMG9o2piRxpU3.png" />
<file href="scormcontent/assets/qi1E3rTiqy1ACGnn_lxODUs9-YsVi4vs3.png" />
<file href="scormcontent/assets/5S3M7Rw42YI26KWl_7OqNnanBuYzAfR_v.png" />
<file href="scormcontent/assets/7jaOvCfPrHfZw7Ni_-Rk_RF7lVwkqGKVo.png" />
<file href="scormcontent/assets/ethFwkYjVt634TjF_transcoded-ksNPrs6CGU_hmh1D-AIC_MHA_Animation%203_03032023_Kat%2C%20Jimmy-00001.png" />
<file href="scormcontent/assets/xc9RD30zwaWzGN5o_transcoded-ksNPrs6CGU_hmh1D-AIC_MHA_Animation%203_03032023_Kat%2C%20Jimmy.mp4" />
<file href="scormcontent/assets/Gh9P7RXmjyVBt9O2_ToTJ99DYj0tzbTVr.png" />
<file href="scormcontent/assets/tG3qPOJ8HbuII-hU_IrCWIWUsRYJu6_UH.png" />
<file href="scormcontent/assets/T7yA5A3GIN6wJ1AY_2rGUlfDWiGVn_Ez0.png" />
<file href="scormcontent/assets/YMItNU5E10Y8Ywv2_vdxhmHZAA4I_UXtT.png" />
<file href="scormcontent/assets/EfGBcR5vCk7UzQPC_WNcrT9es9qm3VNfq.png" />
<file href="scormcontent/assets/XfIo6VCv4RTYbMdm_transcoded-PgLrXisyJwx-7mI9-AIC_MHA_Animation%204_03032023_Kat%2C%20Jimmy-00001.png" />
<file href="scormcontent/assets/pDXg6TlbXS3Ixm7N_transcoded-PgLrXisyJwx-7mI9-AIC_MHA_Animation%204_03032023_Kat%2C%20Jimmy.mp4" />
<file href="scormcontent/assets/GEaJ9wWWxVwPLXtP_0I28BZYleDqY_9z9.png" />
<file href="scormcontent/assets/iq0ZDtt2XiDjl80Q_OA59WxP5mpmeb1c2.png" />
<file href="scormcontent/assets/XhNhwD0tbS5VsmRE_aMsHnjlI4_h0XJu3.png" />
<file href="scormcontent/assets/m4g1HJqxXU5aaa0w_3WjWbKFC-ZY7VyqK.png" />
<file href="scormcontent/assets/8AbuhBx_0__jtRno_transcoded-wHyQ-2E7tOGnBIZM-AIC_MHA%201_Animation%205_03032023_Jimmy-00001.png" />
<file href="scormcontent/assets/VyCgYddF0nANp64d_transcoded-wHyQ-2E7tOGnBIZM-AIC_MHA%201_Animation%205_03032023_Jimmy.mp4" />
<file href="scormcontent/assets/TSL5-sJ1tRhwss9I_LC7za24ZMxylW9kz.png" />
<file href="scormcontent/assets/2TV2AMT4EWDd0tVj_pQidv8LPOHQyofql.png" />
<file href="scormcontent/assets/M66bigT-_jiZdzc-_cdfRWIb8R5JVUrmE.png" />
<file href="scormcontent/assets/Npm6axKymi43oHb5_HM2Afsc37VKpZnQ4.png" />
<file href="scormcontent/assets/ngLjnh30foNDLEWv_transcoded-cmKFF46BEwq1H01s-AIC_MHA%201_Animation%206_03032023_Jimmy-00001.png" />
<file href="scormcontent/assets/82bxFJxe2IQtT5Oc_transcoded-cmKFF46BEwq1H01s-AIC_MHA%201_Animation%206_03032023_Jimmy.mp4" />
<file href="scormcontent/assets/2QeBxTs-d5YcEAA6_1rCUEKDOIuptJwp8.jpg" />
<file href="scormcontent/assets/hVyqTSMD5XnkwswN_88SMYDsMLtbcWf99.png" />
<file href="scormcontent/assets/O-rRbO-fvzLK8AA__2tQ5TOqB_6e0gc7O.png" />
<file href="scormcontent/assets/ZuXfTK-3sKGwiZcI_transcoded-ZuVkyzSezRLcKe9Z-AIC_MHA%201_Animation%207_03032023_Jimmy-00001.png" />
<file href="scormcontent/assets/Of_p_7jGu0z2vd3W_transcoded-ZuVkyzSezRLcKe9Z-AIC_MHA%201_Animation%207_03032023_Jimmy.mp4" />
<file href="scormcontent/assets/Gt58hpNfpj7rvyyk_ZPDNk2F3Oogkn9JZ.jpg" />
<file href="scormcontent/assets/qpdXe1aODvb8-u1B_v6jA3_3gwvtBxrNV.png" />
<file href="scormcontent/assets/AFtI8YBQ6ODm06eJ_D6oztivBgUHfYWci.png" />
<file href="scormcontent/assets/CVVl2Yhau2B4Dzvl_FWP6WKpmc58hx6R5.png" />
<file href="scormcontent/assets/rvBdXuXMaprQCq8f_6A5VUEy4JThQ7U9a.png" />
<file href="scormcontent/assets/5uTq3K5N8_jIoAYE_-A9uQOGlortYcVwE.png" />
<file href="scormcontent/assets/Zxu5rSz7aCh0LeK8_CQVUdscgVlXEal-j.png" />
<file href="scormcontent/assets/aFncEMsDGjCD_mkM_transcoded-XYFdy2VH9_6Y6eCD-AIC_MHA%201_Animation%208_03032023_Jimmy-00001.png" />
<file href="scormcontent/assets/IzlbBOvvwEGaoVUR_transcoded-XYFdy2VH9_6Y6eCD-AIC_MHA%201_Animation%208_03032023_Jimmy.mp4" />
<file href="scormcontent/assets/uWKbTn0iRzOzmcUF_U3Ona8l0keGlDbW9.png" />
<file href="scormcontent/assets/vIvB5G6nfpx-ZWhC_8RF8o4NUENIwoQlt.png" />
<file href="scormcontent/assets/ESQ-DnUqYzmROSdR_RWJwaBlP4hlGJGAB.png" />
<file href="scormcontent/assets/1pn-Wcl1uSW7tZOd_jyxsg-roAgB8kMpO.png" />
<file href="scormcontent/assets/6SaVMcmfKjaRkE4j_yc_hQq3pFRrZkd69.png" />
<file href="scormcontent/assets/LItTitbu4vBRc48L_9OkpJdngnr5eZCTX.png" />
<file href="scormcontent/assets/An4Y5lMKh0zVjhjr_b05WyAfMNnp684g9.png" />
<file href="scormcontent/assets/EmGdYL6hxMZ1oidm_4K2yb1BikCZyyN1i.png" />
<file href="scormcontent/assets/jD87zbsHvKNSVXPA_HMXZWk4uWbyP1Dd0.png" />
<file href="scormcontent/assets/k4EE7vs6iC6J9Q0f_-NgiSY0YuevqC9Nl.png" />
<file href="scormcontent/assets/QrLbeIU895ZXvTPG_rMhX2iGpQmBmHAaX.png" />
<file href="scormcontent/assets/Xo_TDfnhJoTEeMds_QKmEwibpT6d_4PU9.png" />
<file href="scormcontent/assets/B9a6DKpHrVnwgv9P_zQfD5-7030g7Z8t_.png" />
<file href="scormcontent/assets/HRmLdZ7hdaiwDHrp_H1EZqCuNquFkCL9A.png" />
<file href="scormcontent/assets/wU-pbd86HJNO452h_lCBbi7BNocQpvW5P.jpg" />
<file href="scormcontent/assets/93Sm8ZJm_6JK94Br_jbw3wt_7SGcbK9-i.png" />
<file href="scormcontent/assets/XULTnsvoaaaIiIpi_udzfPWFe7gIR2Kg7.png" />
<file href="scormcontent/assets/6wCwHrej9Xco7t2t_HrZXxIfkeE3XCMhx.png" />
<file href="scormcontent/assets/1frG_yiLLNhPMDCU_GagR0uFyvHEFbU87.png" />
<file href="scormcontent/assets/SnBMVXc8TA7PyPRe_i8S8d91wbX7WKODc.png" />
<file href="scormcontent/assets/QFS470wttnPcJnja_AfLhmyZtEK4wtWn4.jpg" />
<file href="scormcontent/assets/UdFrwERnkwvc0K-C_6_insurance.jpg" />
<file href="scormcontent/assets/XLy2cZyAF_v9ppaj_example-header-image.jpg" />

    </resource>
  </resources>
</manifest>
